Workbook

Sheet clinical_study
A1: subject_id | B1: age | C1: sex | D1: weight | E1: height | F1: trt_grp | G1: RESPONSE | H1: BMI | I1: protein_concentration | J1: response_label
A2: SUBJ_001 | B2: 46 | C2: Female | D2: 84.66 | E2: 1.59 | F2: DRUG | G2: N | H2: =(D2)/(E2^2) -> 33.487599 | I2: {=XLOOKUP(A2,protein_data!A:A,protein_data!B:B,"")} -> 148 | J2: =if(G2="y","Responder","Non-Responder") -> Non-Responder
A3: SUBJ_002 | B3: 47 | C3: Female | D3: 71.21 | E3: 1.64 | F3: DRUG | G3: Y | H3: =(D3)/(E3^2) -> 26.476056 | I3: {=XLOOKUP(A3,protein_data!A:A,protein_data!B:B,"")} -> 85 | J3: =if(G3="y","Responder","Non-Responder") -> Responder
A4: SUBJ_003 | B4: 48 | C4: Female | D4: 69.85 | E4: 1.73 | F4: CONTROL | G4: N | H4: =(D4)/(E4^2) -> 23.338568 | I4: {=XLOOKUP(A4,protein_data!A:A,protein_data!B:B,"")} -> 183 | J4: =if(G4="y","Responder","Non-Responder") -> Non-Responder
A5: SUBJ_004 | B5: 59 | C5: Female | D5: 62.94 | E5: 1.5 | F5: DRUG | G5: Y | H5: =(D5)/(E5^2) -> 27.973333 | I5: {=XLOOKUP(A5,protein_data!A:A,protein_data!B:B,"")} -> 89 | J5: =if(G5="y","Responder","Non-Responder") -> Responder
A6: SUBJ_005 | B6: 59 | C6: Female | D6: 113.91 | E6: 1.63 | F6: CONTROL | G6: N | H6: =(D6)/(E6^2) -> 42.873273 | I6: {=XLOOKUP(A6,protein_data!A:A,protein_data!B:B,"")} -> 137 | J6: =if(G6="y","Responder","Non-Responder") -> Non-Responder
A7: SUBJ_006 | B7: 63 | C7: Male | D7: 79.33 | E7: 1.77 | F7: CONTROL | G7: Y | H7: =(D7)/(E7^2) -> 25.321587 | I7: {=XLOOKUP(A7,protein_data!A:A,protein_data!B:B,"")} -> 116 | J7: =if(G7="y","Responder","Non-Responder") -> Responder
A8: SUBJ_007 | B8: 77 | C8: Male | D8: 96.12 | E8: 1.77 | F8: CONTROL | G8: N | H8: =(D8)/(E8^2) -> 30.680839 | I8: {=XLOOKUP(A8,protein_data!A:A,protein_data!B:B,"")} -> 78 | J8: =if(G8="y","Responder","Non-Responder") -> Non-Responder
A9: SUBJ_008 | B9: 57 | C9: Male | D9: 93.5 | E9: 1.63 | F9: DRUG | G9: N | H9: =(D9)/(E9^2) -> 35.191388 | I9: {=XLOOKUP(A9,protein_data!A:A,protein_data!B:B,"")} -> 115 | J9: =if(G9="y","Responder","Non-Responder") -> Non-Responder
A10: SUBJ_009 | B10: 72 | C10: Male | D10: 85.57 | E10: 1.68 | F10: DRUG | G10: N | H10: =(D10)/(E10^2) -> 30.318169 | I10: {=XLOOKUP(A10,protein_data!A:A,protein_data!B:B,"")} -> 197 | J10: =if(G10="y","Responder","Non-Responder") -> Non-Responder
A11: SUBJ_010 | B11: 73 | C11: Female | D11: NA | E11: 1.64 | F11: DRUG | G11: Y
A12: SUBJ_011 | B12: 67 | C12: Male | D12: 109.12 | E12: 1.71 | F12: CONTROL | G12: Y | H12: =(D12)/(E12^2) -> 37.317465 | I12: {=XLOOKUP(A12,protein_data!A:A,protein_data!B:B,"")} -> 110 | J12: =if(G12="y","Responder","Non-Responder") -> Responder
A13: SUBJ_012 | B13: 53 | C13: Male | D13: 125.02 | E13: 1.82 | F13: DRUG | G13: N | H13: =(D13)/(E13^2) -> 37.743026 | I13: {=XLOOKUP(A13,protein_data!A:A,protein_data!B:B,"")} -> 168 | J13: =if(G13="y","Responder","Non-Responder") -> Non-Responder
A14: SUBJ_013 | B14: 58 | C14: Female | D14: 76.31 | E14: 1.68 | F14: DRUG | G14: N | H14: =(D14)/(E14^2) -> 27.037273 | I14: {=XLOOKUP(A14,protein_data!A:A,protein_data!B:B,"")} -> 139 | J14: =if(G14="y","Responder","Non-Responder") -> Non-Responder
A15: SUBJ_014 | B15: 55 | C15: Male | D15: 90.99 | E15: 1.75 | F15: DRUG | G15: N | H15: =(D15)/(E15^2) -> 29.71102 | I15: {=XLOOKUP(A15,protein_data!A:A,protein_data!B:B,"")} -> 189 | J15: =if(G15="y","Responder","Non-Responder") -> Non-Responder
A16: SUBJ_015 | B16: 65 | C16: Male | D16: 80.21 | E16: 1.77 | F16: DRUG | G16: N | H16: =(D16)/(E16^2) -> 25.602477 | I16: {=XLOOKUP(A16,protein_data!A:A,protein_data!B:B,"")} -> 166 | J16: =if(G16="y","Responder","Non-Responder") -> Non-Responder
A17: SUBJ_016 | B17: 54 | C17: Male | D17: 86.75 | E17: 1.71 | F17: DRUG | G17: Y | H17: =(D17)/(E17^2) -> 29.667248 | I17: {=XLOOKUP(A17,protein_data!A:A,protein_data!B:B,"")} -> 100 | J17: =if(G17="y","Responder","Non-Responder") -> Responder
A18: SUBJ_017 | B18: 57 | C18: Male | D18: 144.15 | E18: 1.78 | F18: CONTROL | G18: N | H18: =(D18)/(E18^2) -> 45.496149 | I18: {=XLOOKUP(A18,protein_data!A:A,protein_data!B:B,"")} -> 118 | J18: =if(G18="y","Responder","Non-Responder") -> Non-Responder
A19: SUBJ_018 | B19: 65 | C19: Female | D19: 80.04 | E19: 1.64 | F19: CONTROL | G19: Y | H19: =(D19)/(E19^2) -> 29.759072 | I19: {=XLOOKUP(A19,protein_data!A:A,protein_data!B:B,"")} -> 107 | J19: =if(G19="y","Responder","Non-Responder") -> Responder
A20: SUBJ_019 | B20: 51 | C20: Male | D20: 131.63 | E20: 1.75 | F20: DRUG | G20: Y | H20: =(D20)/(E20^2) -> 42.981224 | I20: {=XLOOKUP(A20,protein_data!A:A,protein_data!B:B,"")} -> 103 | J20: =if(G20="y","Responder","Non-Responder") -> Responder
A21: SUBJ_020 | B21: 73 | C21: Female | D21: 94.38 | E21: 1.65 | F21: DRUG | G21: Y | H21: =(D21)/(E21^2) -> 34.666667 | I21: {=XLOOKUP(A21,protein_data!A:A,protein_data!B:B,"")} -> 115 | J21: =if(G21="y","Responder","Non-Responder") -> Responder
A22: SUBJ_021 | B22: 61 | C22: Male | D22: 122.87 | E22: 1.78 | F22: CONTROL | G22: N | H22: =(D22)/(E22^2) -> 38.779826 | I22: {=XLOOKUP(A22,protein_data!A:A,protein_data!B:B,"")} -> 126 | J22: =if(G22="y","Responder","Non-Responder") -> Non-Responder
A23: SUBJ_022 | B23: 55 | C23: Female | D23: 85.69 | E23: 1.56 | F23: DRUG | G23: N | H23: =(D23)/(E23^2) -> 35.21121 | I23: {=XLOOKUP(A23,protein_data!A:A,protein_data!B:B,"")} -> 99 | J23: =if(G23="y","Responder","Non-Responder") -> Non-Responder
... A50: SUBJ_049 | B50: 63 | C50: Female | D50: 104.13 | E50: 1.63 | F50: DRUG | G50: Y | H50: =(D50)/(E50^2) -> 39.192292 | I50: {=XLOOKUP(A50,protein_data!A:A,protein_data!B:B,"")} -> 103 | J50: =if(G50="y","Responder","Non-Responder") -> Responder
A51: SUBJ_050 | B51: 65 | C51: Male | D51: NA | E51: 1.71 | F51: DRUG | G51: N
A52: SUBJ_051 | B52: 59 | C52: Female | D52: 48.9 | E52: 1.59 | F52: DRUG | G52: N | H52: =(D52)/(E52^2) -> 19.342589 | I52: {=XLOOKUP(A52,protein_data!A:A,protein_data!B:B,"")} -> 103 | J52: =if(G52="y","Responder","Non-Responder") -> Non-Responder
A53: SUBJ_052 | B53: 51 | C53: Female | D53: 63.17 | E53: 1.62 | F53: DRUG | G53: Y | H53: =(D53)/(E53^2) -> 24.070264 | I53: {=XLOOKUP(A53,protein_data!A:A,protein_data!B:B,"")} -> 101 | J53: =if(G53="y","Responder","Non-Responder") -> Responder
A54: SUBJ_053 | B54: 65 | C54: Male | D54: 64.84 | E54: 1.64 | F54: CONTROL | G54: Y | H54: =(D54)/(E54^2) -> 24.107674 | I54: {=XLOOKUP(A54,protein_data!A:A,protein_data!B:B,"")} -> 88 | J54: =if(G54="y","Responder","Non-Responder") -> Responder
A55: SUBJ_054 | B55: 58 | C55: Female | D55: 88.23 | E55: 1.62 | F55: CONTROL | G55: N | H55: =(D55)/(E55^2) -> 33.619113 | I55: {=XLOOKUP(A55,protein_data!A:A,protein_data!B:B,"")} -> 176 | J55: =if(G55="y","Responder","Non-Responder") -> Non-Responder
A56: SUBJ_055 | B56: 70 | C56: Female | D56: 82.39 | E56: 1.54 | F56: CONTROL | G56: N | H56: =(D56)/(E56^2) -> 34.74026 | I56: {=XLOOKUP(A56,protein_data!A:A,protein_data!B:B,"")} -> 150 | J56: =if(G56="y","Responder","Non-Responder") -> Non-Responder
A57: SUBJ_056 | B57: 64 | C57: Female | D57: 57.12 | E57: 1.58 | F57: CONTROL | G57: N | H57: =(D57)/(E57^2) -> 22.880949 | I57: {=XLOOKUP(A57,protein_data!A:A,protein_data!B:B,"")} -> 73 | J57: =if(G57="y","Responder","Non-Responder") -> Non-Responder
A58: SUBJ_057 | B58: 57 | C58: Male | D58: 104.77 | E58: 1.67 | F58: DRUG | G58: N | H58: =(D58)/(E58^2) -> 37.566783 | I58: {=XLOOKUP(A58,protein_data!A:A,protein_data!B:B,"")} -> 187 | J58: =if(G58="y","Responder","Non-Responder") -> Non-Responder
A59: SUBJ_058 | B59: 73 | C59: Male | D59: 147.54 | E59: 1.78 | F59: DRUG | G59: Y | H59: =(D59)/(E59^2) -> 46.56609 | I59: {=XLOOKUP(A59,protein_data!A:A,protein_data!B:B,"")} -> 100 | J59: =if(G59="y","Responder","Non-Responder") -> Responder
A60: SUBJ_059 | B60: 58 | C60: Male | D60: 137.81 | E60: 1.85 | F60: DRUG | G60: Y | H60: =(D60)/(E60^2) -> 40.265888 | I60: {=XLOOKUP(A60,protein_data!A:A,protein_data!B:B,"")} -> 146 | J60: =if(G60="y","Responder","Non-Responder") -> Responder
A61: SUBJ_060 | B61: 59 | C61: Female | D61: 109.88 | E61: 1.63 | F61: CONTROL | G61: N | H61: =(D61)/(E61^2) -> 41.356468 | I61: {=XLOOKUP(A61,protein_data!A:A,protein_data!B:B,"")} -> 105 | J61: =if(G61="y","Responder","Non-Responder") -> Non-Responder
A62: SUBJ_061 | B62: 61 | C62: Male | D62: NA | E62: 1.79 | F62: CONTROL | G62: N
A63: SUBJ_062 | B63: 63 | C63: Male | D63: 97.35 | E63: 1.73 | F63: DRUG | G63: N | H63: =(D63)/(E63^2) -> 32.526981 | I63: {=XLOOKUP(A63,protein_data!A:A,protein_data!B:B,"")} -> 133 | J63: =if(G63="y","Responder","Non-Responder") -> Non-Responder
A64: SUBJ_063 | B64: 52 | C64: Male | D64: 77.23 | E64: 1.76 | F64: CONTROL | G64: Y | H64: =(D64)/(E64^2) -> 24.932206 | I64: {=XLOOKUP(A64,protein_data!A:A,protein_data!B:B,"")} -> 44 | J64: =if(G64="y","Responder","Non-Responder") -> Responder
A65: SUBJ_064 | B65: 69 | C65: Male | D65: 76.46 | E65: 1.74 | F65: CONTROL | G65: N | H65: =(D65)/(E65^2) -> 25.254327 | I65: {=XLOOKUP(A65,protein_data!A:A,protein_data!B:B,"")} -> 141 | J65: =if(G65="y","Responder","Non-Responder") -> Non-Responder
A66: SUBJ_065 | B66: 59 | C66: Female | D66: 81.74 | E66: 1.58 | F66: CONTROL | G66: N | H66: =(D66)/(E66^2) -> 32.74315 | I66: {=XLOOKUP(A66,protein_data!A:A,protein_data!B:B,"")} -> 114 | J66: =if(G66="y","Responder","Non-Responder") -> Non-Responder
A67: SUBJ_066 | B67: 63 | C67: Female | D67: 76.91 | E67: 1.63 | F67: CONTROL | G67: N | H67: =(D67)/(E67^2) -> 28.947269 | I67: {=XLOOKUP(A67,protein_data!A:A,protein_data!B:B,"")} -> 99 | J67: =if(G67="y","Responder","Non-Responder") -> Non-Responder
A68: SUBJ_067 | B68: 65 | C68: Male | D68: 97 | E68: 1.73 | F68: CONTROL | G68: Y | H68: =(D68)/(E68^2) -> 32.410037 | I68: {=XLOOKUP(A68,protein_data!A:A,protein_data!B:B,"")} -> 109 | J68: =if(G68="y","Responder","Non-Responder") -> Responder
A69: SUBJ_068 | B69: 56 | C69: Male | D69: 140.59 | E69: 1.82 | F69: CONTROL | G69: Y | H69: =(D69)/(E69^2) -> 42.443545 | I69: {=XLOOKUP(A69,protein_data!A:A,protein_data!B:B,"")} -> 109 | J69: =if(G69="y","Responder","Non-Responder") -> Responder
A70: SUBJ_069 | B70: 61 | C70: Female | D70: 52.62 | E70: 1.64 | F70: DRUG | G70: N | H70: =(D70)/(E70^2) -> 19.564247 | I70: {=XLOOKUP(A70,protein_data!A:A,protein_data!B:B,"")} -> 95 | J70: =if(G70="y","Responder","Non-Responder") -> Non-Responder
A71: SUBJ_070 | B71: 59 | C71: Male | D71: 91.43 | E71: 1.79 | F71: CONTROL | G71: N | H71: =(D71)/(E71^2) -> 28.535314 | I71: {=XLOOKUP(A71,protein_data!A:A,protein_data!B:B,"")} -> 146 | J71: =if(G71="y","Responder","Non-Responder") -> Non-Responder
A72: SUBJ_071 | B72: 65 | C72: Female | D72: 90.64 | E72: 1.66 | F72: CONTROL | G72: N | H72: =(D72)/(E72^2) -> 32.893018 | I72: {=XLOOKUP(A72,protein_data!A:A,protein_data!B:B,"")} -> 100 | J72: =if(G72="y","Responder","Non-Responder") -> Non-Responder
A73: SUBJ_072 | B73: 57 | C73: Male | D73: 88.34 | E73: 1.76 | F73: CONTROL | G73: N | H73: =(D73)/(E73^2) -> 28.518853 | I73: {=XLOOKUP(A73,protein_data!A:A,protein_data!B:B,"")} -> 139 | J73: =if(G73="y","Responder","Non-Responder") -> Non-Responder
A74: SUBJ_073 | B74: 71 | C74: Male | D74: 150.35 | E74: 1.87 | F74: DRUG | G74: Y | H74: =(D74)/(E74^2) -> 42.995224 | I74: {=XLOOKUP(A74,protein_data!A:A,protein_data!B:B,"")} -> 126 | J74: =if(G74="y","Responder","Non-Responder") -> Responder
... A82: SUBJ_081 | B82: 68 | C82: Female | D82: 54.54 | E82: 1.56 | F82: CONTROL | G82: N | H82: =(D82)/(E82^2) -> 22.411243 | I82: {=XLOOKUP(A82,protein_data!A:A,protein_data!B:B,"")} -> 113 | J82: =if(G82="y","Responder","Non-Responder") -> Non-Responder
A83: SUBJ_082 | B83: 65 | C83: Male | D83: NA | E83: 1.78 | F83: CONTROL | G83: N
A84: SUBJ_083 | B84: 58 | C84: Female | D84: 75.98 | E84: 1.61 | F84: CONTROL | G84: Y | H84: =(D84)/(E84^2) -> 29.312141 | I84: {=XLOOKUP(A84,protein_data!A:A,protein_data!B:B,"")} -> 83 | J84: =if(G84="y","Responder","Non-Responder") -> Responder
A85: SUBJ_084 | B85: 62 | C85: Female | D85: 66.21 | E85: 1.64 | F85: DRUG | G85: Y | H85: =(D85)/(E85^2) -> 24.617043 | I85: {=XLOOKUP(A85,protein_data!A:A,protein_data!B:B,"")} -> 101 | J85: =if(G85="y","Responder","Non-Responder") -> Responder
A86: SUBJ_085 | B86: 60 | C86: Female | D86: 125.41 | E86: 1.6 | F86: CONTROL | G86: N | H86: =(D86)/(E86^2) -> 48.988281 | I86: {=XLOOKUP(A86,protein_data!A:A,protein_data!B:B,"")} -> 137 | J86: =if(G86="y","Responder","Non-Responder") -> Non-Responder
A87: SUBJ_086 | B87: 58 | C87: Male | D87: 100.1 | E87: 1.77 | F87: CONTROL | G87: N | H87: =(D87)/(E87^2) -> 31.951227 | I87: {=XLOOKUP(A87,protein_data!A:A,protein_data!B:B,"")} -> 110 | J87: =if(G87="y","Responder","Non-Responder") -> Non-Responder
A88: SUBJ_087 | B88: 61 | C88: Male | D88: 107.75 | E88: 1.72 | F88: CONTROL | G88: N | H88: =(D88)/(E88^2) -> 36.421714 | I88: {=XLOOKUP(A88,protein_data!A:A,protein_data!B:B,"")} -> 106 | J88: =if(G88="y","Responder","Non-Responder") -> Non-Responder
A89: SUBJ_088 | B89: 59 | C89: Female | D89: 94.54 | E89: 1.57 | F89: DRUG | G89: Y | H89: =(D89)/(E89^2) -> 38.354497 | I89: {=XLOOKUP(A89,protein_data!A:A,protein_data!B:B,"")} -> 100 | J89: =if(G89="y","Responder","Non-Responder") -> Responder
A90: SUBJ_089 | B90: 62 | C90: Male | D90: 101.64 | E90: 1.66 | F90: CONTROL | G90: N | H90: =(D90)/(E90^2) -> 36.884889 | I90: {=XLOOKUP(A90,protein_data!A:A,protein_data!B:B,"")} -> 136 | J90: =if(G90="y","Responder","Non-Responder") -> Non-Responder
A91: SUBJ_090 | B91: 79 | C91: Female | D91: 64.07 | E91: 1.55 | F91: CONTROL | G91: N | H91: =(D91)/(E91^2) -> 26.668054 | I91: {=XLOOKUP(A91,protein_data!A:A,protein_data!B:B,"")} -> 107 | J91: =if(G91="y","Responder","Non-Responder") -> Non-Responder
A92: SUBJ_091 | B92: 48 | C92: Male | D92: 55.68 | E92: 1.71 | F92: CONTROL | G92: Y | H92: =(D92)/(E92^2) -> 19.041756 | I92: {=XLOOKUP(A92,protein_data!A:A,protein_data!B:B,"")} -> 80 | J92: =if(G92="y","Responder","Non-Responder") -> Responder
A93: SUBJ_092 | B93: 79 | C93: Female | D93: 79.34 | E93: 1.57 | F93: CONTROL | G93: Y | H93: =(D93)/(E93^2) -> 32.187918 | I93: {=XLOOKUP(A93,protein_data!A:A,protein_data!B:B,"")} -> 123 | J93: =if(G93="y","Responder","Non-Responder") -> Responder
A94: SUBJ_093 | B94: 56 | C94: Female | D94: 107.32 | E94: 1.52 | F94: CONTROL | G94: Y | H94: =(D94)/(E94^2) -> 46.450831 | I94: {=XLOOKUP(A94,protein_data!A:A,protein_data!B:B,"")} -> 81 | J94: =if(G94="y","Responder","Non-Responder") -> Responder
A95: SUBJ_094 | B95: 66 | C95: Female | D95: 53.31 | E95: 1.5 | F95: DRUG | G95: N | H95: =(D95)/(E95^2) -> 23.693333 | I95: {=XLOOKUP(A95,protein_data!A:A,protein_data!B:B,"")} -> 134 | J95: =if(G95="y","Responder","Non-Responder") -> Non-Responder
... A146: SUBJ_145 | B146: 56 | C146: Female | D146: 85.41 | E146: 1.61 | F146: CONTROL | G146: N | H146: =(D146)/(E146^2) -> 32.950118 | I146: {=XLOOKUP(A146,protein_data!A:A,protein_data!B:B,"")} -> 154 | J146: =if(G146="y","Responder","Non-Responder") -> Non-Responder
A147: SUBJ_146 | B147: 56 | C147: Female | D147: NA | E147: 1.57 | F147: CONTROL | G147: N
A148: SUBJ_147 | B148: 67 | C148: Male | D148: 103.06 | E148: 1.78 | F148: DRUG | G148: Y | H148: =(D148)/(E148^2) -> 32.527459 | I148: {=XLOOKUP(A148,protein_data!A:A,protein_data!B:B,"")} -> 57 | J148: =if(G148="y","Responder","Non-Responder") -> Responder
A149: SUBJ_148 | B149: 56 | C149: Female | D149: 74.52 | E149: 1.56 | F149: CONTROL | G149: N | H149: =(D149)/(E149^2) -> 30.621302 | I149: {=XLOOKUP(A149,protein_data!A:A,protein_data!B:B,"")} -> 106 | J149: =if(G149="y","Responder","Non-Responder") -> Non-Responder
A150: SUBJ_149 | B150: 69 | C150: Male | D150: 96.64 | E150: 1.7 | F150: CONTROL | G150: N | H150: =(D150)/(E150^2) -> 33.439446 | I150: {=XLOOKUP(A150,protein_data!A:A,protein_data!B:B,"")} -> 147 | J150: =if(G150="y","Responder","Non-Responder") -> Non-Responder
A151: SUBJ_150 | B151: 46 | C151: Male | D151: 81.64 | E151: 1.74 | F151: DRUG | G151: Y | H151: =(D151)/(E151^2) -> 26.965253 | I151: {=XLOOKUP(A151,protein_data!A:A,protein_data!B:B,"")} -> 90 | J151: =if(G151="y","Responder","Non-Responder") -> Responder
A152: SUBJ_151 | B152: 63 | C152: Male | D152: 124.94 | E152: 1.84 | F152: DRUG | G152: N | H152: =(D152)/(E152^2) -> 36.903355 | I152: {=XLOOKUP(A152,protein_data!A:A,protein_data!B:B,"")} -> 136 | J152: =if(G152="y","Responder","Non-Responder") -> Non-Responder
A153: SUBJ_152 | B153: 58 | C153: Female | D153: 51.67 | E153: 1.54 | F153: DRUG | G153: N | H153: =(D153)/(E153^2) -> 21.786979 | I153: {=XLOOKUP(A153,protein_data!A:A,protein_data!B:B,"")} -> 114 | J153: =if(G153="y","Responder","Non-Responder") -> Non-Responder
A154: SUBJ_153 | B154: 71 | C154: Female | D154: 88.88 | E154: 1.61 | F154: CONTROL | G154: Y | H154: =(D154)/(E154^2) -> 34.288801 | I154: {=XLOOKUP(A154,protein_data!A:A,protein_data!B:B,"")} -> 156 | J154: =if(G154="y","Responder","Non-Responder") -> Responder
A155: SUBJ_154 | B155: 66 | C155: Male | D155: 116.5 | E155: 1.7 | F155: DRUG | G155: N | H155: =(D155)/(E155^2) -> 40.311419 | I155: {=XLOOKUP(A155,protein_data!A:A,protein_data!B:B,"")} -> 153 | J155: =if(G155="y","Responder","Non-Responder") -> Non-Responder
A156: SUBJ_155 | B156: 65 | C156: Male | D156: 148.86 | E156: 1.77 | F156: DRUG | G156: N | H156: =(D156)/(E156^2) -> 47.515082 | I156: {=XLOOKUP(A156,protein_data!A:A,protein_data!B:B,"")} -> 188 | J156: =if(G156="y","Responder","Non-Responder") -> Non-Responder
A157: SUBJ_156 | B157: 58 | C157: Female | D157: 128.78 | E157: 1.6 | F157: DRUG | G157: Y | H157: =(D157)/(E157^2) -> 50.304688 | I157: {=XLOOKUP(A157,protein_data!A:A,protein_data!B:B,"")} -> 152 | J157: =if(G157="y","Responder","Non-Responder") -> Responder
A158: SUBJ_157 | B158: 72 | C158: Male | D158: 81.3 | E158: 1.83 | F158: DRUG | G158: Y | H158: =(D158)/(E158^2) -> 24.276628 | I158: {=XLOOKUP(A158,protein_data!A:A,protein_data!B:B,"")} -> 99 | J158: =if(G158="y","Responder","Non-Responder") -> Responder
A159: SUBJ_158 | B159: 71 | C159: Male | D159: 80.19 | E159: 1.79 | F159: CONTROL | G159: N | H159: =(D159)/(E159^2) -> 25.027309 | I159: {=XLOOKUP(A159,protein_data!A:A,protein_data!B:B,"")} -> 109 | J159: =if(G159="y","Responder","Non-Responder") -> Non-Responder
... A372: SUBJ_371 | B372: 70 | C372: Female | D372: 104.58 | E372: 1.65 | F372: CONTROL | G372: N | H372: =(D372)/(E372^2) -> 38.413223 | I372: {=XLOOKUP(A372,protein_data!A:A,protein_data!B:B,"")} -> 173 | J372: =if(G372="y","Responder","Non-Responder") -> Non-Responder
A373: SUBJ_372 | B373: 67 | C373: Female | D373: NA | E373: 1.62 | F373: CONTROL | G373: N
A374: SUBJ_373 | B374: 55 | C374: Male | D374: 118.09 | E374: 1.82 | F374: DRUG | G374: Y | H374: =(D374)/(E374^2) -> 35.650888 | I374: {=XLOOKUP(A374,protein_data!A:A,protein_data!B:B,"")} -> 84 | J374: =if(G374="y","Responder","Non-Responder") -> Responder
A375: SUBJ_374 | B375: 59 | C375: Female | D375: 88.1 | E375: 1.59 | F375: DRUG | G375: Y | H375: =(D375)/(E375^2) -> 34.848305 | I375: {=XLOOKUP(A375,protein_data!A:A,protein_data!B:B,"")} -> 105 | J375: =if(G375="y","Responder","Non-Responder") -> Responder
A376: SUBJ_375 | B376: 61 | C376: Male | D376: 107.16 | E376: 1.73 | F376: DRUG | G376: Y | H376: =(D376)/(E376^2) -> 35.804738 | I376: {=XLOOKUP(A376,protein_data!A:A,protein_data!B:B,"")} -> 122 | J376: =if(G376="y","Responder","Non-Responder") -> Responder
A377: SUBJ_376 | B377: 67 | C377: Female | D377: 93.53 | E377: 1.54 | F377: DRUG | G377: N | H377: =(D377)/(E377^2) -> 39.437511 | I377: {=XLOOKUP(A377,protein_data!A:A,protein_data!B:B,"")} -> 140 | J377: =if(G377="y","Responder","Non-Responder") -> Non-Responder
A378: SUBJ_377 | B378: 60 | C378: Female | D378: 61.9 | E378: 1.57 | F378: CONTROL | G378: N | H378: =(D378)/(E378^2) -> 25.112581 | I378: {=XLOOKUP(A378,protein_data!A:A,protein_data!B:B,"")} -> 98 | J378: =if(G378="y","Responder","Non-Responder") -> Non-Responder
A379: SUBJ_378 | B379: 61 | C379: Female | D379: 91.63 | E379: 1.57 | F379: CONTROL | G379: Y | H379: =(D379)/(E379^2) -> 37.173922 | I379: {=XLOOKUP(A379,protein_data!A:A,protein_data!B:B,"")} -> 87 | J379: =if(G379="y","Responder","Non-Responder") -> Responder
A380: SUBJ_379 | B380: 59 | C380: Male | D380: 158.85 | E380: 1.82 | F380: CONTROL | G380: Y | H380: =(D380)/(E380^2) -> 47.956165 | I380: {=XLOOKUP(A380,protein_data!A:A,protein_data!B:B,"")} -> 156 | J380: =if(G380="y","Responder","Non-Responder") -> Responder
A381: SUBJ_380 | B381: 57 | C381: Male | D381: 112.82 | E381: 1.62 | F381: DRUG | G381: Y | H381: =(D381)/(E381^2) -> 42.988874 | I381: {=XLOOKUP(A381,protein_data!A:A,protein_data!B:B,"")} -> 93 | J381: =if(G381="y","Responder","Non-Responder") -> Responder
A382: SUBJ_381 | B382: 39 | C382: Female | D382: 84.68 | E382: 1.66 | F382: DRUG | G382: Y | H382: =(D382)/(E382^2) -> 30.73015 | I382: {=XLOOKUP(A382,protein_data!A:A,protein_data!B:B,"")} -> 107 | J382: =if(G382="y","Responder","Non-Responder") -> Responder
A383: SUBJ_382 | B383: 75 | C383: Female | D383: 53 | E383: 1.63 | F383: DRUG | G383: Y | H383: =(D383)/(E383^2) -> 19.94806 | I383: {=XLOOKUP(A383,protein_data!A:A,protein_data!B:B,"")} -> 105 | J383: =if(G383="y","Responder","Non-Responder") -> Responder
A384: SUBJ_383 | B384: 67 | C384: Female | D384: 68.34 | E384: 1.64 | F384: DRUG | G384: Y | H384: =(D384)/(E384^2) -> 25.408983 | I384: {=XLOOKUP(A384,protein_data!A:A,protein_data!B:B,"")} -> 109 | J384: =if(G384="y","Responder","Non-Responder") -> Responder
A385: SUBJ_384 | B385: 63 | C385: Female | D385: 68.96 | E385: 1.66 | F385: CONTROL | G385: N | H385: =(D385)/(E385^2) -> 25.025403 | I385: {=XLOOKUP(A385,protein_data!A:A,protein_data!B:B,"")} -> 90 | J385: =if(G385="y","Responder","Non-Responder") -> Non-Responder
... A427: SUBJ_426 | B427: 67 | C427: Male | D427: 116.55 | E427: 1.78 | F427: CONTROL | G427: N | H427: =(D427)/(E427^2) -> 36.785128 | I427: {=XLOOKUP(A427,protein_data!A:A,protein_data!B:B,"")} -> 184 | J427: =if(G427="y","Responder","Non-Responder") -> Non-Responder
A428: SUBJ_427 | B428: 66 | C428: Male | D428: NA | E428: 1.83 | F428: CONTROL | G428: N
A429: SUBJ_428 | B429: 68 | C429: Female | D429: 94.12 | E429: 1.66 | F429: DRUG | G429: N | H429: =(D429)/(E429^2) -> 34.155901 | I429: {=XLOOKUP(A429,protein_data!A:A,protein_data!B:B,"")} -> 181 | J429: =if(G429="y","Responder","Non-Responder") -> Non-Responder
A430: SUBJ_429 | B430: 50 | C430: Female | D430: 112.63 | E430: 1.67 | F430: DRUG | G430: N | H430: =(D430)/(E430^2) -> 40.385098 | I430: {=XLOOKUP(A430,protein_data!A:A,protein_data!B:B,"")} -> 135 | J430: =if(G430="y","Responder","Non-Responder") -> Non-Responder
A431: SUBJ_430 | B431: 69 | C431: Male | D431: 112.77 | E431: 1.8 | F431: CONTROL | G431: Y | H431: =(D431)/(E431^2) -> 34.805556 | I431: {=XLOOKUP(A431,protein_data!A:A,protein_data!B:B,"")} -> 95 | J431: =if(G431="y","Responder","Non-Responder") -> Responder
A432: SUBJ_431 | B432: 53 | C432: Female | D432: 61.65 | E432: 1.67 | F432: DRUG | G432: Y | H432: =(D432)/(E432^2) -> 22.10549 | I432: {=XLOOKUP(A432,protein_data!A:A,protein_data!B:B,"")} -> 99 | J432: =if(G432="y","Responder","Non-Responder") -> Responder
A433: SUBJ_432 | B433: 65 | C433: Female | D433: 76.67 | E433: 1.59 | F433: DRUG | G433: Y | H433: =(D433)/(E433^2) -> 30.327123 | I433: {=XLOOKUP(A433,protein_data!A:A,protein_data!B:B,"")} -> 89 | J433: =if(G433="y","Responder","Non-Responder") -> Responder
A434: SUBJ_433 | B434: 74 | C434: Female | D434: 78.32 | E434: 1.62 | F434: DRUG | G434: Y | H434: =(D434)/(E434^2) -> 29.843012 | I434: {=XLOOKUP(A434,protein_data!A:A,protein_data!B:B,"")} -> 80 | J434: =if(G434="y","Responder","Non-Responder") -> Responder
A435: SUBJ_434 | B435: 59 | C435: Female | D435: 62.38 | E435: 1.56 | F435: CONTROL | G435: N | H435: =(D435)/(E435^2) -> 25.632807 | I435: {=XLOOKUP(A435,protein_data!A:A,protein_data!B:B,"")} -> 139 | J435: =if(G435="y","Responder","Non-Responder") -> Non-Responder
A436: SUBJ_435 | B436: 75 | C436: Female | D436: 58.63 | E436: 1.55 | F436: DRUG | G436: Y | H436: =(D436)/(E436^2) -> 24.403746 | I436: {=XLOOKUP(A436,protein_data!A:A,protein_data!B:B,"")} -> 90 | J436: =if(G436="y","Responder","Non-Responder") -> Responder
...

Sheet response_vs_proteinconcentratio

Sheet response_vs_bmi_pivot

Sheet response_vs_age_pivot

Sheet Detail1
A1: subject_id | B1: age | C1: sex | D1: weight | E1: height | F1: trt_grp | G1: RESPONSE | H1: BMI | I1: protein_concentration | J1: response_label
A2: SUBJ_010 | B2: 73 | C2: Female | D2: NA | E2: 1.64 | F2: DRUG | G2: Y
A3: SUBJ_050 | B3: 65 | C3: Male | D3: NA | E3: 1.71 | F3: DRUG | G3: N
A4: SUBJ_061 | B4: 61 | C4: Male | D4: NA | E4: 1.79 | F4: CONTROL | G4: N
A5: SUBJ_082 | B5: 65 | C5: Male | D5: NA | E5: 1.78 | F5: CONTROL | G5: N
A6: SUBJ_146 | B6: 56 | C6: Female | D6: NA | E6: 1.57 | F6: CONTROL | G6: N
A7: SUBJ_372 | B7: 67 | C7: Female | D7: NA | E7: 1.62 | F7: CONTROL | G7: N
A8: SUBJ_427 | B8: 66 | C8: Male | D8: NA | E8: 1.83 | F8: CONTROL | G8: N
A9: SUBJ_495 | B9: 60 | C9: Female | D9: NA | E9: 1.65 | F9: CONTROL | G9: N
A10: SUBJ_523 | B10: 62 | C10: Female | D10: NA | E10: 1.6 | F10: DRUG | G10: N
A11: SUBJ_685 | B11: 74 | C11: Male | D11: NA | E11: 1.81 | F11: CONTROL | G11: N
A12: SUBJ_707 | B12: 72 | C12: Male | D12: NA | E12: 1.75 | F12: DRUG | G12: Y
A13: SUBJ_A69 | B13: 7.2 | C13: Female | D13: 22.31 | E13: 1.193 | F13: DRUG | G13: N
A14: SUBJ_A70 | B14: 8.31 | C14: Female | D14: 24.22 | E14: 1.2744 | F14: CONTROL | G14: N
A15: SUBJ_A71 | B15: 7.854 | C15: Male | D15: 23.176 | E15: 1.26343 | F15: CONTROL | G15: N

Sheet trt_grp_vs_response_label_pivot

Sheet protein_data
A1: participant_id | B1: protein_concentration
A2: SUBJ_001 | B2: 148
A3: SUBJ_002 | B3: 85
A4: SUBJ_003 | B4: 183
A5: SUBJ_004 | B5: 89
A6: SUBJ_005 | B6: 137
A7: SUBJ_006 | B7: 116
A8: SUBJ_007 | B8: 78
A9: SUBJ_008 | B9: 115
A10: SUBJ_009 | B10: 197
A11: SUBJ_010 | B11: 125
A12: SUBJ_011 | B12: 110
A13: SUBJ_012 | B13: 168
... A76: SUBJ_075 | B76: 79
A77: SUBJ_076 | B77: NA
A78: SUBJ_077 | B78: 62
A79: SUBJ_078 | B79: 95
A80: SUBJ_079 | B80: 131
A81: SUBJ_080 | B81: 112
A82: SUBJ_081 | B82: 113
A83: SUBJ_082 | B83: 74
A84: SUBJ_083 | B84: 83
A85: SUBJ_084 | B85: 101
A86: SUBJ_085 | B86: 137
A87: SUBJ_086 | B87: 110
A88: SUBJ_087 | B88: 106
A89: SUBJ_088 | B89: 100
... A183: SUBJ_182 | B183: 119
A184: SUBJ_183 | B184: NA
A185: SUBJ_184 | B185: 73
A186: SUBJ_185 | B186: 141
A187: SUBJ_186 | B187: 194
A188: SUBJ_187 | B188: 181
A189: SUBJ_188 | B189: 128
A190: SUBJ_189 | B190: 109
A191: SUBJ_190 | B191: 139
A192: SUBJ_191 | B192: 111
A193: SUBJ_192 | B193: 123
A194: SUBJ_193 | B194: 159
A195: SUBJ_194 | B195: 135
A196: SUBJ_195 | B196: 85
... A343: SUBJ_342 | B343: 95
A344: SUBJ_343 | B344: NA
A345: SUBJ_344 | B345: 122
A346: SUBJ_345 | B346: 95
A347: SUBJ_346 | B347: 126
A348: SUBJ_347 | B348: 139
A349: SUBJ_348 | B349: 116
A350: SUBJ_349 | B350: 99
A351: SUBJ_350 | B351: NA
A352: SUBJ_351 | B352: 92
A353: SUBJ_352 | B353: 137
A354: SUBJ_353 | B354: 61
A355: SUBJ_354 | B355: 90
A356: SUBJ_355 | B356: 90
A357: SUBJ_356 | B357: 165
A358: SUBJ_357 | B358: 125
A359: SUBJ_358 | B359: 129
A360: SUBJ_359 | B360: 88
A361: SUBJ_360 | B361: 196
A362: SUBJ_361 | B362: 189
A363: SUBJ_362 | B363: 158
... A503: SUBJ_502 | B503: 84
A504: SUBJ_503 | B504: NA
A505: SUBJ_504 | B505: 94
A506: SUBJ_505 | B506: 96
A507: SUBJ_506 | B507: 75
A508: SUBJ_507 | B508: 180
A509: SUBJ_508 | B509: 130
A510: SUBJ_509 | B510: 84
A511: SUBJ_510 | B511: 120
A512: SUBJ_511 | B512: 84
A513: SUBJ_512 | B513: 139
A514: SUBJ_513 | B514: 91
A515: SUBJ_514 | B515: 91
A516: SUBJ_515 | B516: 99
... A769: SUBJ_768 | B769: 93
